{"success": true, "timestamp": 1674049624, "source": "EUR", "quotes": {"EURAED": 3.990069, "EURAFN": 97.7382, "EURALL": 117.024751, "EURAMD": 429.917853, "EURANG": 1.956671, "EURAOA": 547.027869, "EURARS": 198.593717, "EURAUD": 1.542924, "EURAWG": 1.958089, "EURAZN": 1.850171, "EURBAM": 1.963346, "EURBBD": 2.191971, "EURBDT": 115.623608, "EURBGN": 1.960027, "EURBHD": 0.409524, "EURBIF": 2251.187044, "EURBMD": 1.086319, "EURBND": 1.430817, "EURBOB": 7.501548, "EURBRL": 5.514697, "EURBSD": 1.085646, "EURBTC": 5.0933775e-05, "EURBTN": 88.216076, "EURBWP": 13.811591, "EURBYN": 2.740792, "EURBYR": 21291.843285, "EURBZD": 2.188257, "EURCAD": 1.452728, "EURCDF": 2205.226773, "EURCHF": 0.991135, "EURCLF": 0.031917, "EURCLP": 880.232986, "EURCNY": 7.33656, "EURCOP": 5120.633994, "EURCRC": 613.422596, "EURCUC": 1.086319, "EURCUP": 28.787441, "EURCVE": 110.687705, "EURCZK": 23.958776, "EURDJF": 193.269856, "EURDKK": 7.43937, "EURDOP": 61.379271, "EURDZD": 147.696973, "EUREGP": 32.211197, "EURERN": 16.294778, "EURETB": 58.227966, "EURFJD": 2.344764, "EURFKP": 0.88596, "EURGBP": 0.874953, "EURGEL": 2.905877, "EURGGP": 0.88596, "EURGHS": 13.027631, "EURGIP": 0.88596, "EURGMD": 67.674145, "EURGNF": 9351.824926, "EURGTQ": 8.519334, "EURGYD": 227.130524, "EURHKD": 8.498433, "EURHNL": 26.782788, "EURHRK": 7.650074, "EURHTG": 162.295802, "EURHUF": 395.072746, "EURIDR": 16331.49559, "EURILS": 3.658449, "EURIMP": 0.88596, "EURINR": 88.267237, "EURIQD": 1584.421567, "EURIRR": 45462.430478, "EURISK": 154.539909, "EURJEP": 0.88596, "EURJMD": 166.029161, "EURJOD": 0.771224, "EURJPY": 139.332848, "EURKES": 134.670913, "EURKGS": 93.076302, "EURKHR": 4468.529377, "EURKMF": 495.903125, "EURKPW": 977.61403, "EURKRW": 1337.616776, "EURKWD": 0.331577, "EURKYD": 0.904948, "EURKZT": 503.786225, "EURLAK": 18310.600461, "EURLBP": 1641.669361, "EURLKR": 395.159233, "EURLRD": 168.759731, "EURLSL": 18.554368, "EURLTL": 3.207616, "EURLVL": 0.657103, "EURLYD": 5.175713, "EURMAD": 11.045078, "EURMDL": 20.593856, "EURMGA": 4732.362389, "EURMKD": 61.825494, "EURMMK": 2279.763488, "EURMNT": 3766.384098, "EURMOP": 8.750439, "EURMRO": 387.81553, "EURMUR": 48.276137, "EURMVR": 16.729689, "EURMWK": 1100.822056, "EURMXN": 20.248706, "EURMYR": 4.685831, "EURMZN": 69.339437, "EURNAD": 18.554633, "EURNGN": 500.248062, "EURNIO": 39.668856, "EURNOK": 10.654047, "EURNPR": 141.145721, "EURNZD": 1.670905, "EUROMR": 0.418286, "EURPAB": 1.085947, "EURPEN": 4.157434, "EURPGK": 3.82545, "EURPHP": 59.165251, "EURPKR": 249.145567, "EURPLN": 4.70072, "EURPYG": 8041.361055, "EURQAR": 3.955288, "EURRON": 4.939169, "EURRSD": 117.3387, "EURRUB": 75.065152, "EURRWF": 1166.886959, "EURSAR": 4.079913, "EURSBD": 8.978452, "EURSCR": 14.356945, "EURSDG": 632.237507, "EURSEK": 11.160783, "EURSGD": 1.429036, "EURSHP": 1.4963, "EURSLE": 20.829296, "EURSLL": 20803.000135, "EURSOS": 618.663236, "EURSRD": 34.490855, "EURSTD": 22484.600405, "EURSVC": 9.502376, "EURSYP": 2728.69104, "EURSZL": 18.492119, "EURTHB": 35.654085, "EURTJS": 11.094971, "EURTMT": 3.802115, "EURTND": 3.321416, "EURTOP": 2.52379, "EURTRY": 20.416184, "EURTTD": 7.362918, "EURTWD": 32.916325, "EURTZS": 2537.913848, "EURUAH": 39.897497, "EURUGX": 3992.848263, "EURUSD": 1.086319, "EURUYU": 43.104214, "EURUZS": 12257.557472, "EURVEF": 2133043.341265, "EURVES": 21.669344, "EURVND": 25465.479096, "EURVUV": 126.660363, "EURWST": 2.908813, "EURXAF": 658.495973, "EURXAG": 0.044934, "EURXAU": 0.000566, "EURXCD": 2.93583, "EURXDR": 0.805104, "EURXOF": 658.48076, "EURXPF": 120.608493, "EURYER": 271.851354, "EURZAR": 18.38719, "EURZMK": 9778.17221, "EURZMW": 20.056694, "EURZWL": 349.794125}}