{"success": true, "timestamp": 1675351807, "source": "EUR", "quotes": {"EURAED": 4.005258, "EURAFN": 97.824121, "EURALL": 115.212478, "EURAMD": 431.853386, "EURANG": 1.965035, "EURAOA": 549.876305, "EURARS": 204.599516, "EURAUD": 1.538927, "EURAWG": 1.962773, "EURAZN": 1.857337, "EURBAM": 1.938708, "EURBBD": 2.201478, "EURBDT": 117.045906, "EURBGN": 1.949023, "EURBHD": 0.411128, "EURBIF": 2262.688857, "EURBMD": 1.09043, "EURBND": 1.424338, "EURBOB": 7.534411, "EURBRL": 5.441678, "EURBSD": 1.090331, "EURBTC": 4.6056306e-05, "EURBTN": 89.584015, "EURBWP": 13.837335, "EURBYN": 2.751995, "EURBYR": 21372.421138, "EURBZD": 2.197811, "EURCAD": 1.454224, "EURCDF": 2227.748058, "EURCHF": 0.994079, "EURCLF": 0.030842, "EURCLP": 851.026529, "EURCNY": 7.342945, "EURCOP": 5051.775195, "EURCRC": 603.810549, "EURCUC": 1.09043, "EURCUP": 28.896386, "EURCVE": 109.299698, "EURCZK": 23.75285, "EURDJF": 194.105508, "EURDKK": 7.438562, "EURDOP": 61.636471, "EURDZD": 147.67915, "EUREGP": 33.030504, "EURERN": 16.356445, "EURETB": 58.524711, "EURFJD": 2.348131, "EURFKP": 0.886015, "EURGBP": 0.888286, "EURGEL": 2.867989, "EURGGP": 0.886015, "EURGHS": 13.301525, "EURGIP": 0.886015, "EURGMD": 67.17309, "EURGNF": 9387.393336, "EURGTQ": 8.5592, "EURGYD": 230.063967, "EURHKD": 8.551968, "EURHNL": 26.880829, "EURHRK": 7.679021, "EURHTG": 163.551065, "EURHUF": 386.441692, "EURIDR": 16244.130495, "EURILS": 3.715029, "EURIMP": 0.886015, "EURINR": 89.559005, "EURIQD": 1591.43626, "EURIRR": 46021.583205, "EURISK": 153.488456, "EURJEP": 0.886015, "EURJMD": 167.675288, "EURJOD": 0.774695, "EURJPY": 140.329575, "EURKES": 135.812809, "EURKGS": 94.017497, "EURKHR": 4481.490694, "EURKMF": 492.056536, "EURKPW": 981.366108, "EURKRW": 1335.68904, "EURKWD": 0.332602, "EURKYD": 0.90865, "EURKZT": 500.182537, "EURLAK": 18353.65253, "EURLBP": 16366.457058, "EURLKR": 399.07919, "EURLRD": 171.09052, "EURLSL": 18.733269, "EURLTL": 3.219755, "EURLVL": 0.65959, "EURLYD": 5.188873, "EURMAD": 11.03524, "EURMDL": 20.492021, "EURMGA": 4665.192325, "EURMKD": 61.075598, "EURMMK": 2289.798374, "EURMNT": 3780.224858, "EURMOP": 8.808533, "EURMRO": 389.283197, "EURMUR": 48.544039, "EURMVR": 16.749158, "EURMWK": 1111.671245, "EURMXN": 20.28764, "EURMYR": 4.629944, "EURMZN": 69.60186, "EURNAD": 18.733694, "EURNGN": 502.186356, "EURNIO": 39.841869, "EURNOK": 10.955416, "EURNPR": 143.333947, "EURNZD": 1.683274, "EUROMR": 0.419812, "EURPAB": 1.090331, "EURPEN": 4.203168, "EURPGK": 3.842688, "EURPHP": 58.791633, "EURPKR": 294.675237, "EURPLN": 4.685805, "EURPYG": 7952.332013, "EURQAR": 3.970527, "EURRON": 4.904535, "EURRSD": 117.365344, "EURRUB": 76.400961, "EURRWF": 1179.185782, "EURSAR": 4.092008, "EURSBD": 8.990138, "EURSCR": 15.399701, "EURSDG": 636.272587, "EURSEK": 11.324346, "EURSGD": 1.428726, "EURSHP": 1.501952, "EURSLE": 21.681859, "EURSLL": 21236.117748, "EURSOS": 619.915369, "EURSRD": 34.894088, "EURSTD": 22569.692185, "EURSVC": 9.540398, "EURSYP": 2739.741135, "EURSZL": 18.586997, "EURTHB": 35.942735, "EURTJS": 11.219116, "EURTMT": 3.816504, "EURTND": 3.30237, "EURTOP": 2.526907, "EURTRY": 20.509482, "EURTTD": 7.400583, "EURTWD": 32.395027, "EURTZS": 2548.0006, "EURUAH": 40.069815, "EURUGX": 4016.808924, "EURUSD": 1.09043, "EURUYU": 42.190322, "EURUZS": 12315.086819, "EURVEF": 2436619.97875, "EURVES": 24.436586, "EURVND": 25570.575291, "EURVUV": 126.168698, "EURWST": 2.902503, "EURXAF": 650.2677, "EURXAG": 0.045762, "EURXAU": 0.000567, "EURXCD": 2.946941, "EURXDR": 0.806742, "EURXOF": 650.214499, "EURXPF": 119.538382, "EURYER": 273.037816, "EURZAR": 18.610372, "EURZMK": 9815.174938, "EURZMW": 20.826382, "EURZWL": 351.117902}}