{"success": true, "timestamp": 1675374303, "source": "EUR", "quotes": {"EURAED": 4.007239, "EURAFN": 98.189805, "EURALL": 115.272734, "EURAMD": 432.07971, "EURANG": 1.966063, "EURAOA": 550.163892, "EURARS": 204.634912, "EURAUD": 1.541614, "EURAWG": 1.9638, "EURAZN": 1.84959, "EURBAM": 1.939722, "EURBBD": 2.20263, "EURBDT": 117.107121, "EURBGN": 1.956164, "EURBHD": 0.411206, "EURBIF": 2258.369888, "EURBMD": 1.091, "EURBND": 1.425083, "EURBOB": 7.538352, "EURBRL": 5.510424, "EURBSD": 1.090901, "EURBTC": 4.601233e-05, "EURBTN": 89.630867, "EURBWP": 13.844572, "EURBYN": 2.753434, "EURBYR": 21383.598941, "EURBZD": 2.19896, "EURCAD": 1.452672, "EURCDF": 2231.094212, "EURCHF": 0.996296, "EURCLF": 0.03084, "EURCLP": 850.979754, "EURCNY": 7.345045, "EURCOP": 5004.416752, "EURCRC": 604.126343, "EURCUC": 1.091, "EURCUP": 28.911499, "EURCVE": 110.572734, "EURCZK": 23.735845, "EURDJF": 193.892444, "EURDKK": 7.441809, "EURDOP": 61.805389, "EURDZD": 147.742253, "EUREGP": 33.035037, "EURERN": 16.364999, "EURETB": 58.555319, "EURFJD": 2.371796, "EURFKP": 0.886479, "EURGBP": 0.89204, "EURGEL": 2.869205, "EURGGP": 0.886479, "EURGHS": 13.364983, "EURGIP": 0.886479, "EURGMD": 66.550778, "EURGNF": 9600.79978, "EURGTQ": 8.563677, "EURGYD": 230.184291, "EURHKD": 8.558731, "EURHNL": 26.894888, "EURHRK": 7.683037, "EURHTG": 163.636602, "EURHUF": 385.775133, "EURIDR": 16278.264694, "EURILS": 3.699089, "EURIMP": 0.886479, "EURINR": 89.517307, "EURIQD": 1593.405421, "EURIRR": 46040.197936, "EURISK": 153.505292, "EURJEP": 0.886479, "EURJMD": 167.762982, "EURJOD": 0.773953, "EURJPY": 140.404604, "EURKES": 136.037254, "EURKGS": 94.066669, "EURKHR": 4484.010253, "EURKMF": 492.368242, "EURKPW": 981.879364, "EURKRW": 1336.616926, "EURKWD": 0.332853, "EURKYD": 0.909125, "EURKZT": 500.444133, "EURLAK": 18366.984662, "EURLBP": 16888.67939, "EURLKR": 399.287909, "EURLRD": 171.232866, "EURLSL": 18.645264, "EURLTL": 3.221439, "EURLVL": 0.659935, "EURLYD": 5.191587, "EURMAD": 11.097103, "EURMDL": 20.502738, "EURMGA": 4667.632227, "EURMKD": 61.107541, "EURMMK": 2290.995941, "EURMNT": 3782.20192, "EURMOP": 8.81314, "EURMRO": 389.486793, "EURMUR": 48.542116, "EURMVR": 16.758218, "EURMWK": 1112.252651, "EURMXN": 20.358135, "EURMYR": 4.632372, "EURMZN": 69.638583, "EURNAD": 18.645437, "EURNGN": 502.448907, "EURNIO": 39.862706, "EURNOK": 10.962886, "EURNPR": 143.408911, "EURNZD": 1.684942, "EUROMR": 0.419997, "EURPAB": 1.090901, "EURPEN": 4.17799, "EURPGK": 3.844657, "EURPHP": 58.823427, "EURPKR": 294.842596, "EURPLN": 4.688543, "EURPYG": 7956.491093, "EURQAR": 3.972603, "EURRON": 4.901006, "EURRSD": 117.383327, "EURRUB": 76.44089, "EURRWF": 1179.802498, "EURSAR": 4.094171, "EURSBD": 8.99484, "EURSCR": 14.599393, "EURSDG": 636.59518, "EURSEK": 11.320576, "EURSGD": 1.428988, "EURSHP": 1.502747, "EURSLE": 21.693199, "EURSLL": 21219.949513, "EURSOS": 620.234946, "EURSRD": 34.912249, "EURSTD": 22581.496162, "EURSVC": 9.545388, "EURSYP": 2741.174023, "EURSZL": 18.645532, "EURTHB": 36.036023, "EURTJS": 11.224984, "EURTMT": 3.82941, "EURTND": 3.317186, "EURTOP": 2.528229, "EURTRY": 20.514727, "EURTTD": 7.404454, "EURTWD": 32.433571, "EURTZS": 2551.849368, "EURUAH": 40.090772, "EURUGX": 4018.90972, "EURUSD": 1.091, "EURUYU": 42.212388, "EURUZS": 12321.527625, "EURVEF": 2437894.334051, "EURVES": 24.713821, "EURVND": 25583.948733, "EURVUV": 126.234684, "EURWST": 2.904021, "EURXAF": 650.607791, "EURXAG": 0.046481, "EURXAU": 0.00057, "EURXCD": 2.948482, "EURXDR": 0.807164, "EURXOF": 650.554562, "EURXPF": 119.606741, "EURYER": 273.191627, "EURZAR": 18.63825, "EURZMK": 9820.29432, "EURZMW": 20.837274, "EURZWL": 351.301537}}