{"success": true, "timestamp": 1675449184, "source": "EUR", "quotes": {"EURAED": 3.971179, "EURAFN": 97.848456, "EURALL": 114.923114, "EURAMD": 428.655074, "EURANG": 1.948391, "EURAOA": 545.341118, "EURARS": 203.252124, "EURAUD": 1.560113, "EURAWG": 1.948774, "EURAZN": 1.842248, "EURBAM": 1.934671, "EURBBD": 2.182827, "EURBDT": 116.059444, "EURBGN": 1.950488, "EURBHD": 0.407491, "EURBIF": 2239.063143, "EURBMD": 1.081151, "EURBND": 1.416949, "EURBOB": 7.470637, "EURBRL": 5.546734, "EURBSD": 1.081077, "EURBTC": 4.6210504e-05, "EURBTN": 88.467319, "EURBWP": 13.771979, "EURBYN": 2.72935, "EURBYR": 21190.554128, "EURBZD": 2.179167, "EURCAD": 1.449331, "EURCDF": 2210.953615, "EURCHF": 1.000735, "EURCLF": 0.031169, "EURCLP": 860.059628, "EURCNY": 7.324909, "EURCOP": 5018.831384, "EURCRC": 605.844033, "EURCUC": 1.081151, "EURCUP": 28.650494, "EURCVE": 109.072105, "EURCZK": 23.743588, "EURDJF": 192.142532, "EURDKK": 7.44408, "EURDOP": 61.222425, "EURDZD": 146.511798, "EUREGP": 32.726545, "EURERN": 16.217261, "EURETB": 58.037261, "EURFJD": 2.350465, "EURFKP": 0.881934, "EURGBP": 0.896328, "EURGEL": 2.843849, "EURGGP": 0.881934, "EURGHS": 13.24346, "EURGIP": 0.881934, "EURGMD": 65.950579, "EURGNF": 9307.209343, "EURGTQ": 8.486584, "EURGYD": 228.115161, "EURHKD": 8.483444, "EURHNL": 26.652508, "EURHRK": 7.613677, "EURHTG": 162.127848, "EURHUF": 388.447062, "EURIDR": 16266.561285, "EURILS": 3.695536, "EURIMP": 0.881934, "EURINR": 89.03606, "EURIQD": 1577.913827, "EURIRR": 45624.560799, "EURISK": 153.513008, "EURJEP": 0.881934, "EURJMD": 167.034591, "EURJOD": 0.766973, "EURJPY": 141.705387, "EURKES": 134.873968, "EURKGS": 93.249665, "EURKHR": 4443.446962, "EURKMF": 487.927425, "EURKPW": 973.009101, "EURKRW": 1347.860207, "EURKWD": 0.329805, "EURKYD": 0.900975, "EURKZT": 495.194183, "EURLAK": 18207.360013, "EURLBP": 16239.756621, "EURLKR": 394.612891, "EURLRD": 169.687018, "EURLSL": 18.477278, "EURLTL": 3.192357, "EURLVL": 0.653978, "EURLYD": 5.114959, "EURMAD": 10.98684, "EURMDL": 20.29217, "EURMGA": 4617.044521, "EURMKD": 60.948422, "EURMMK": 2270.375165, "EURMNT": 3781.28727, "EURMOP": 8.736534, "EURMRO": 385.970621, "EURMUR": 49.08829, "EURMVR": 16.596073, "EURMWK": 1109.643107, "EURMXN": 20.513542, "EURMYR": 4.603582, "EURMZN": 69.010259, "EURNAD": 18.477274, "EURNGN": 497.913561, "EURNIO": 39.502966, "EURNOK": 11.052198, "EURNPR": 141.547512, "EURNZD": 1.706505, "EUROMR": 0.416179, "EURPAB": 1.081077, "EURPEN": 4.133097, "EURPGK": 3.810252, "EURPHP": 58.567561, "EURPKR": 297.581261, "EURPLN": 4.712704, "EURPYG": 7900.945086, "EURQAR": 3.936511, "EURRON": 4.896212, "EURRSD": 117.331923, "EURRUB": 76.225115, "EURRWF": 1170.419411, "EURSAR": 4.05712, "EURSBD": 8.862487, "EURSCR": 15.190935, "EURSDG": 631.936573, "EURSEK": 11.400767, "EURSGD": 1.429984, "EURSHP": 1.489181, "EURSLE": 21.492037, "EURSLL": 21028.381886, "EURSOS": 614.638147, "EURSRD": 34.903911, "EURSTD": 22377.637086, "EURSVC": 9.459543, "EURSYP": 2716.431027, "EURSZL": 18.537559, "EURTHB": 36.197471, "EURTJS": 11.151538, "EURTMT": 3.794839, "EURTND": 3.287243, "EURTOP": 2.499567, "EURTRY": 20.345135, "EURTTD": 7.337885, "EURTWD": 32.397226, "EURTZS": 2528.811899, "EURUAH": 39.929402, "EURUGX": 3982.741734, "EURUSD": 1.081151, "EURUYU": 41.85425, "EURUZS": 12234.83067, "EURVEF": 2422780.572021, "EURVES": 24.490712, "EURVND": 25352.984403, "EURVUV": 124.30851, "EURWST": 2.882607, "EURXAF": 648.881351, "EURXAG": 0.048463, "EURXAU": 0.00058, "EURXCD": 2.921864, "EURXDR": 0.796515, "EURXOF": 648.860572, "EURXPF": 118.526947, "EURYER": 270.724025, "EURZAR": 18.872838, "EURZMK": 9731.657748, "EURZMW": 20.654309, "EURZWL": 348.130091}}