{"success": true, "timestamp": 1675597623, "source": "EUR", "quotes": {"EURAED": 3.977156, "EURAFN": 98.003476, "EURALL": 116.172266, "EURAMD": 432.981176, "EURANG": 1.969569, "EURAOA": 546.161889, "EURARS": 202.94329, "EURAUD": 1.564256, "EURAWG": 1.951707, "EURAZN": 1.845021, "EURBAM": 1.9557, "EURBBD": 2.206553, "EURBDT": 117.31719, "EURBGN": 1.95904, "EURBHD": 0.406873, "EURBIF": 2267.929023, "EURBMD": 1.082778, "EURBND": 1.432305, "EURBOB": 7.551597, "EURBRL": 5.57826, "EURBSD": 1.092827, "EURBTC": 4.6314612e-05, "EURBTN": 89.426047, "EURBWP": 13.921673, "EURBYN": 2.759016, "EURBYR": 21222.447211, "EURBZD": 2.202853, "EURCAD": 1.45206, "EURCDF": 2214.281236, "EURCHF": 1.0027, "EURCLF": 0.031269, "EURCLP": 856.300496, "EURCNY": 7.33615, "EURCOP": 5012.866291, "EURCRC": 612.42923, "EURCUC": 1.082778, "EURCUP": 28.693615, "EURCVE": 110.25766, "EURCZK": 23.843965, "EURDJF": 194.557048, "EURDKK": 7.465866, "EURDOP": 61.88788, "EURDZD": 146.73919, "EUREGP": 32.668825, "EURERN": 16.241669, "EURETB": 58.668094, "EURFJD": 2.354003, "EURFKP": 0.898541, "EURGBP": 0.898235, "EURGEL": 2.848129, "EURGGP": 0.898541, "EURGHS": 13.387409, "EURGIP": 0.898541, "EURGMD": 66.049838, "EURGNF": 9408.37368, "EURGTQ": 8.578829, "EURGYD": 230.594649, "EURHKD": 8.497479, "EURHNL": 26.942206, "EURHRK": 7.625136, "EURHTG": 163.89009, "EURHUF": 389.432326, "EURIDR": 16344.640964, "EURILS": 3.701098, "EURIMP": 0.898541, "EURINR": 89.040622, "EURIQD": 1595.013819, "EURIRR": 45693.228561, "EURISK": 153.975152, "EURJEP": 0.898541, "EURJMD": 168.84476, "EURJOD": 0.768127, "EURJPY": 142.039224, "EURKES": 136.223432, "EURKGS": 93.390012, "EURKHR": 4491.600992, "EURKMF": 488.661785, "EURKPW": 974.500139, "EURKRW": 1351.144841, "EURKWD": 0.330302, "EURKYD": 0.910739, "EURKZT": 500.576676, "EURLAK": 18404.674792, "EURLBP": 16403.608004, "EURLKR": 398.889346, "EURLRD": 169.942408, "EURLSL": 18.505088, "EURLTL": 3.197162, "EURLVL": 0.654962, "EURLYD": 5.170556, "EURMAD": 11.106261, "EURMDL": 20.512734, "EURMGA": 4667.2293, "EURMKD": 61.610899, "EURMMK": 2294.979422, "EURMNT": 3788.996156, "EURMOP": 8.831212, "EURMRO": 386.551531, "EURMUR": 49.006738, "EURMVR": 16.621051, "EURMWK": 1121.704328, "EURMXN": 20.537703, "EURMYR": 4.61051, "EURMZN": 69.114123, "EURNAD": 18.505083, "EURNGN": 498.662951, "EURNIO": 39.932342, "EURNOK": 10.98828, "EURNPR": 143.081475, "EURNZD": 1.709875, "EUROMR": 0.416827, "EURPAB": 1.092827, "EURPEN": 4.178022, "EURPGK": 3.851544, "EURPHP": 58.107319, "EURPKR": 300.806175, "EURPLN": 4.731244, "EURPYG": 7986.56833, "EURQAR": 3.942436, "EURRON": 4.905746, "EURRSD": 117.362187, "EURRUB": 76.498664, "EURRWF": 1183.141238, "EURSAR": 4.062692, "EURSBD": 8.875825, "EURSCR": 14.41604, "EURSDG": 632.887676, "EURSEK": 11.421239, "EURSGD": 1.432953, "EURSHP": 1.491423, "EURSLE": 21.217081, "EURSLL": 21060.03089, "EURSOS": 615.563215, "EURSRD": 34.956444, "EURSTD": 22411.316802, "EURSVC": 9.562363, "EURSYP": 2719.710412, "EURSZL": 18.739053, "EURTHB": 36.146416, "EURTJS": 11.27275, "EURTMT": 3.80055, "EURTND": 3.29219, "EURTOP": 2.503329, "EURTRY": 20.381783, "EURTTD": 7.417406, "EURTWD": 32.462552, "EURTZS": 2556.169834, "EURUAH": 40.363413, "EURUGX": 4026.031985, "EURUSD": 1.082778, "EURUYU": 42.309183, "EURUZS": 12367.816668, "EURVEF": 2453903.453491, "EURVES": 24.527572, "EURVND": 25391.142199, "EURVUV": 124.012978, "EURWST": 2.81826, "EURXAF": 655.913336, "EURXAG": 0.048456, "EURXAU": 0.000581, "EURXCD": 2.926262, "EURXDR": 0.805146, "EURXOF": 655.913336, "EURXPF": 118.705337, "EURYER": 271.131481, "EURZAR": 18.913716, "EURZMK": 9746.30449, "EURZMW": 20.87881, "EURZWL": 348.654048}}