{"success": true, "timestamp": 1673942404, "source": "EUR", "quotes": {"EURAED": 3.976631, "EURAFN": 97.57044, "EURALL": 116.529628, "EURAMD": 429.179523, "EURANG": 1.953156, "EURAOA": 545.488978, "EURARS": 197.260682, "EURAUD": 1.55513, "EURAWG": 1.949065, "EURAZN": 1.840051, "EURBAM": 1.957744, "EURBBD": 2.188138, "EURBDT": 112.670261, "EURBGN": 1.955085, "EURBHD": 0.408143, "EURBIF": 2247.285315, "EURBMD": 1.082814, "EURBND": 1.430746, "EURBOB": 7.488995, "EURBRL": 5.573678, "EURBSD": 1.08372, "EURBTC": 5.1248317e-05, "EURBTN": 88.556846, "EURBWP": 13.805452, "EURBYN": 2.735234, "EURBYR": 21223.148154, "EURBZD": 2.184465, "EURCAD": 1.452059, "EURCDF": 2197.576105, "EURCHF": 1.000287, "EURCLF": 0.032284, "EURCLP": 890.808951, "EURCNY": 7.329515, "EURCOP": 5078.266228, "EURCRC": 618.740665, "EURCUC": 1.082814, "EURCUP": 28.694563, "EURCVE": 110.375464, "EURCZK": 23.999703, "EURDJF": 192.931505, "EURDKK": 7.438897, "EURDOP": 61.317535, "EURDZD": 147.266964, "EUREGP": 32.136178, "EURERN": 16.242205, "EURETB": 58.119245, "EURFJD": 2.353497, "EURFKP": 0.886981, "EURGBP": 0.886467, "EURGEL": 2.880067, "EURGGP": 0.886981, "EURGHS": 13.005536, "EURGIP": 0.886981, "EURGMD": 67.323914, "EURGNF": 9337.413731, "EURGTQ": 8.507518, "EURGYD": 226.749025, "EURHKD": 8.465649, "EURHNL": 26.737277, "EURHRK": 7.62539, "EURHTG": 160.388667, "EURHUF": 399.363645, "EURIDR": 16420.869478, "EURILS": 3.700732, "EURIMP": 0.886981, "EURINR": 88.536315, "EURIQD": 1581.739184, "EURIRR": 45721.808175, "EURISK": 154.495597, "EURJEP": 0.886981, "EURJMD": 165.717668, "EURJOD": 0.768036, "EURJPY": 139.393809, "EURKES": 134.323333, "EURKGS": 92.775291, "EURKHR": 4448.705762, "EURKMF": 492.490749, "EURKPW": 974.4813, "EURKRW": 1340.745301, "EURKWD": 0.330669, "EURKYD": 0.903179, "EURKZT": 502.268756, "EURLAK": 18280.281998, "EURLBP": 1638.75846, "EURLKR": 396.650616, "EURLRD": 167.70075, "EURLSL": 18.213014, "EURLTL": 3.197267, "EURLVL": 0.654983, "EURLYD": 5.156651, "EURMAD": 10.97969, "EURMDL": 20.634107, "EURMGA": 4852.062282, "EURMKD": 61.618339, "EURMMK": 2275.811221, "EURMNT": 3739.940165, "EURMOP": 8.718984, "EURMRO": 386.564298, "EURMUR": 47.318566, "EURMVR": 16.677773, "EURMWK": 1107.149801, "EURMXN": 20.357217, "EURMYR": 4.686391, "EURMZN": 69.116124, "EURNAD": 18.213171, "EURNGN": 490.103413, "EURNIO": 39.599803, "EURNOK": 10.728231, "EURNPR": 141.683254, "EURNZD": 1.69188, "EUROMR": 0.416379, "EURPAB": 1.083785, "EURPEN": 4.131701, "EURPGK": 3.81924, "EURPHP": 59.353342, "EURPKR": 248.037492, "EURPLN": 4.690458, "EURPYG": 8022.773513, "EURQAR": 3.942505, "EURRON": 4.931908, "EURRSD": 117.355571, "EURRUB": 74.46941, "EURRWF": 1160.126772, "EURSAR": 4.067378, "EURSBD": 8.986625, "EURSCR": 14.991636, "EURSDG": 630.197272, "EURSEK": 11.285837, "EURSGD": 1.431637, "EURSHP": 1.491469, "EURSLE": 20.692196, "EURSLL": 20681.74103, "EURSOS": 615.57624, "EURSRD": 34.298118, "EURSTD": 22412.057012, "EURSVC": 9.483228, "EURSYP": 2720.021845, "EURSZL": 18.537125, "EURTHB": 35.786676, "EURTJS": 11.065321, "EURTMT": 3.800676, "EURTND": 3.325867, "EURTOP": 2.520355, "EURTRY": 20.347801, "EURTTD": 7.360062, "EURTWD": 32.814129, "EURTZS": 2530.535588, "EURUAH": 39.821079, "EURUGX": 3982.922898, "EURUSD": 1.082814, "EURUYU": 42.982421, "EURUZS": 12291.930948, "EURVEF": 2082782.147295, "EURVES": 21.036563, "EURVND": 25375.738622, "EURVUV": 126.21226, "EURWST": 2.903812, "EURXAF": 656.577722, "EURXAG": 0.045001, "EURXAU": 0.000567, "EURXCD": 2.926358, "EURXDR": 0.803752, "EURXOF": 656.574687, "EURXPF": 119.786282, "EURYER": 271.032451, "EURZAR": 18.440426, "EURZMK": 9746.623541, "EURZMW": 19.967577, "EURZWL": 348.665564}}