{"success": true, "timestamp": 1674503943, "source": "EUR", "quotes": {"EURAED": 3.987508, "EURAFN": 96.618313, "EURALL": 116.973209, "EURAMD": 430.613897, "EURANG": 1.957852, "EURAOA": 546.244035, "EURARS": 200.15022, "EURAUD": 1.546867, "EURAWG": 1.956793, "EURAZN": 1.84809, "EURBAM": 1.952627, "EURBBD": 2.193352, "EURBDT": 115.271919, "EURBGN": 1.954301, "EURBHD": 0.409194, "EURBIF": 2239.048535, "EURBMD": 1.085599, "EURBND": 1.432504, "EURBOB": 7.506587, "EURBRL": 5.645658, "EURBSD": 1.086293, "EURBTC": 4.7627331e-05, "EURBTN": 88.371943, "EURBWP": 13.856153, "EURBYN": 2.742002, "EURBYR": 21277.746075, "EURBZD": 2.189658, "EURCAD": 1.453829, "EURCDF": 2212.997542, "EURCHF": 1.001986, "EURCLF": 0.032001, "EURCLP": 883.080647, "EURCNY": 7.365246, "EURCOP": 4925.906776, "EURCRC": 611.922171, "EURCUC": 1.085599, "EURCUP": 28.768381, "EURCVE": 110.595422, "EURCZK": 23.859283, "EURDJF": 192.932569, "EURDKK": 7.439004, "EURDOP": 61.499461, "EURDZD": 147.316829, "EUREGP": 32.427173, "EURERN": 16.283989, "EURETB": 58.16656, "EURFJD": 2.347282, "EURFKP": 0.876147, "EURGBP": 0.878076, "EURGEL": 2.876972, "EURGGP": 0.876147, "EURGHS": 13.45984, "EURGIP": 0.876147, "EURGMD": 67.686488, "EURGNF": 9542.417692, "EURGTQ": 8.527537, "EURGYD": 227.271972, "EURHKD": 8.500899, "EURHNL": 26.792981, "EURHRK": 7.645003, "EURHTG": 161.063807, "EURHUF": 395.749856, "EURIDR": 16318.131441, "EURILS": 3.653866, "EURIMP": 0.876147, "EURINR": 88.465705, "EURIQD": 1586.060562, "EURIRR": 45432.330039, "EURISK": 154.893055, "EURJEP": 0.876147, "EURJMD": 166.628679, "EURJOD": 0.770016, "EURJPY": 141.888372, "EURKES": 134.777041, "EURKGS": 93.512548, "EURKHR": 4470.497865, "EURKMF": 493.757724, "EURKPW": 977.039361, "EURKRW": 1337.344317, "EURKWD": 0.331647, "EURKYD": 0.905294, "EURKZT": 501.937424, "EURLAK": 18308.632263, "EURLBP": 1652.2822, "EURLKR": 395.428977, "EURLRD": 169.733476, "EURLSL": 18.759147, "EURLTL": 3.205493, "EURLVL": 0.656668, "EURLYD": 5.172885, "EURMAD": 11.042172, "EURMDL": 20.553208, "EURMGA": 4678.933136, "EURMKD": 61.532772, "EURMMK": 2281.320646, "EURMNT": 3779.091074, "EURMOP": 8.760131, "EURMRO": 387.55876, "EURMUR": 48.141055, "EURMVR": 16.664141, "EURMWK": 1104.638409, "EURMXN": 20.438688, "EURMYR": 4.6773, "EURMZN": 69.29408, "EURNAD": 18.759331, "EURNGN": 494.012991, "EURNIO": 39.59196, "EURNOK": 10.681667, "EURNPR": 141.395069, "EURNZD": 1.675835, "EUROMR": 0.417956, "EURPAB": 1.086293, "EURPEN": 4.183354, "EURPGK": 3.826718, "EURPHP": 59.146706, "EURPKR": 248.818684, "EURPLN": 4.706369, "EURPYG": 8080.545467, "EURQAR": 3.952704, "EURRON": 4.913749, "EURRSD": 117.380464, "EURRUB": 74.879229, "EURRWF": 1168.647635, "EURSAR": 4.075866, "EURSBD": 8.972508, "EURSCR": 14.809401, "EURSDG": 622.592452, "EURSEK": 11.138976, "EURSGD": 1.43266, "EURSHP": 1.495306, "EURSLE": 20.843572, "EURSLL": 20827.222204, "EURSOS": 618.253202, "EURSRD": 34.931346, "EURSTD": 22469.713477, "EURSVC": 9.505102, "EURSYP": 2727.601694, "EURSZL": 18.759222, "EURTHB": 35.5527, "EURTJS": 11.140221, "EURTMT": 3.799598, "EURTND": 3.349618, "EURTOP": 2.518645, "EURTRY": 20.421858, "EURTTD": 7.375003, "EURTWD": 32.929918, "EURTZS": 2534.874532, "EURUAH": 40.119553, "EURUGX": 3992.259553, "EURUSD": 1.085599, "EURUYU": 42.545429, "EURUZS": 12261.84397, "EURVEF": 2198268.159963, "EURVES": 22.05876, "EURVND": 25457.30334, "EURVUV": 125.939981, "EURWST": 2.903442, "EURXAF": 654.861716, "EURXAG": 0.046593, "EURXAU": 0.000564, "EURXCD": 2.933886, "EURXDR": 0.805752, "EURXOF": 658.413159, "EURXPF": 119.957926, "EURYER": 271.779463, "EURZAR": 18.704768, "EURZMK": 9771.69218, "EURZMW": 20.265292, "EURZWL": 349.562528}}