{"success": true, "timestamp": 1673893143, "source": "EUR", "quotes": {"EURAED": 3.971541, "EURAFN": 97.353046, "EURALL": 116.26838, "EURAMD": 429.043166, "EURANG": 1.948759, "EURAOA": 544.701314, "EURARS": 196.949383, "EURAUD": 1.555226, "EURAWG": 1.94625, "EURAZN": 1.839369, "EURBAM": 1.953283, "EURBBD": 2.183313, "EURBDT": 112.41091, "EURBGN": 1.954073, "EURBHD": 0.407575, "EURBIF": 2242.216026, "EURBMD": 1.08125, "EURBND": 1.427538, "EURBOB": 7.471756, "EURBRL": 5.569086, "EURBSD": 1.08129, "EURBTC": 5.1300576e-05, "EURBTN": 88.352184, "EURBWP": 13.774437, "EURBYN": 2.729241, "EURBYR": 21192.499801, "EURBZD": 2.179558, "EURCAD": 1.448556, "EURCDF": 2194.39421, "EURCHF": 1.001757, "EURCLF": 0.032293, "EURCLP": 891.068544, "EURCNY": 7.280704, "EURCOP": 5070.932702, "EURCRC": 617.344948, "EURCUC": 1.08125, "EURCUP": 28.653125, "EURCVE": 110.121396, "EURCZK": 24.02083, "EURDJF": 192.159785, "EURDKK": 7.437995, "EURDOP": 61.179219, "EURDZD": 147.538849, "EUREGP": 32.061183, "EURERN": 16.21875, "EURETB": 57.98868, "EURFJD": 2.350093, "EURFKP": 0.884057, "EURGBP": 0.887079, "EURGEL": 2.875879, "EURGGP": 0.884057, "EURGHS": 12.975479, "EURGIP": 0.884057, "EURGMD": 67.226752, "EURGNF": 9316.35096, "EURGTQ": 8.488131, "EURGYD": 226.231259, "EURHKD": 8.444871, "EURHNL": 26.677211, "EURHRK": 7.61438, "EURHTG": 160.03131, "EURHUF": 398.587618, "EURIDR": 16373.476721, "EURILS": 3.686036, "EURIMP": 0.884057, "EURINR": 88.302821, "EURIQD": 1578.142015, "EURIRR": 45655.780982, "EURISK": 154.49972, "EURJEP": 0.884057, "EURJMD": 165.34538, "EURJOD": 0.76693, "EURJPY": 139.149293, "EURKES": 133.960381, "EURKGS": 92.641057, "EURKHR": 4438.711673, "EURKMF": 491.779497, "EURKPW": 973.124991, "EURKRW": 1342.469152, "EURKWD": 0.330225, "EURKYD": 0.901125, "EURKZT": 501.126503, "EURLAK": 18239.215049, "EURLBP": 1635.16765, "EURLKR": 395.752217, "EURLRD": 167.458566, "EURLSL": 18.18651, "EURLTL": 3.19265, "EURLVL": 0.654038, "EURLYD": 5.145091, "EURMAD": 10.954315, "EURMDL": 20.587752, "EURMGA": 4841.206797, "EURMKD": 61.605883, "EURMMK": 2270.709069, "EURMNT": 3746.50214, "EURMOP": 8.699156, "EURMRO": 386.00606, "EURMUR": 47.253226, "EURMVR": 16.649348, "EURMWK": 1104.657465, "EURMXN": 20.314197, "EURMYR": 4.666668, "EURMZN": 69.016503, "EURNAD": 18.186733, "EURNGN": 489.395441, "EURNIO": 39.511571, "EURNOK": 10.717004, "EURNPR": 141.363654, "EURNZD": 1.693435, "EUROMR": 0.41628, "EURPAB": 1.08129, "EURPEN": 4.122438, "EURPGK": 3.810731, "EURPHP": 59.021136, "EURPKR": 247.480272, "EURPLN": 4.690572, "EURPYG": 8004.861216, "EURQAR": 3.936802, "EURRON": 4.931145, "EURRSD": 117.294225, "EURRUB": 74.335905, "EURRWF": 1157.520529, "EURSAR": 4.060729, "EURSBD": 8.973647, "EURSCR": 15.522644, "EURSDG": 629.287723, "EURSEK": 11.269836, "EURSGD": 1.42909, "EURSHP": 1.489316, "EURSLE": 20.662631, "EURSLL": 20651.874461, "EURSOS": 614.680231, "EURSRD": 34.248627, "EURSTD": 22379.691755, "EURSVC": 9.461661, "EURSYP": 2715.999396, "EURSZL": 18.495481, "EURTHB": 35.76829, "EURTJS": 11.040003, "EURTMT": 3.795187, "EURTND": 3.321056, "EURTOP": 2.514933, "EURTRY": 20.322023, "EURTTD": 7.343527, "EURTWD": 32.838586, "EURTZS": 2525.799692, "EURUAH": 39.731987, "EURUGX": 3973.718051, "EURUSD": 1.08125, "EURUYU": 42.884077, "EURUZS": 12264.14687, "EURVEF": 2079833.362511, "EURVES": 21.006184, "EURVND": 25355.312262, "EURVUV": 124.970992, "EURWST": 2.889515, "EURXAF": 655.10271, "EURXAG": 0.044578, "EURXAU": 0.000565, "EURXCD": 2.922132, "EURXDR": 0.801954, "EURXOF": 655.10271, "EURXPF": 119.613285, "EURYER": 270.639799, "EURZAR": 18.441637, "EURZMK": 9732.545773, "EURZMW": 19.92272, "EURZWL": 348.162056}}