{"success": true, "timestamp": 1674644464, "source": "EUR", "quotes": {"EURAED": 3.991275, "EURAFN": 96.562207, "EURALL": 115.854428, "EURAMD": 428.72323, "EURANG": 1.953684, "EURAOA": 546.778743, "EURARS": 200.601399, "EURAUD": 1.533436, "EURAWG": 1.955991, "EURAZN": 1.847177, "EURBAM": 1.951021, "EURBBD": 2.188705, "EURBDT": 115.554168, "EURBGN": 1.952146, "EURBHD": 0.409652, "EURBIF": 2248.71847, "EURBMD": 1.086661, "EURBND": 1.4304, "EURBOB": 7.490437, "EURBRL": 5.584787, "EURBSD": 1.084028, "EURBTC": 4.802569e-05, "EURBTN": 88.51982, "EURBWP": 13.879688, "EURBYN": 2.736156, "EURBYR": 21298.56468, "EURBZD": 2.185014, "EURCAD": 1.453839, "EURCDF": 2216.78953, "EURCHF": 1.002706, "EURCLF": 0.031564, "EURCLP": 870.963312, "EURCNY": 7.37195, "EURCOP": 4908.31943, "EURCRC": 610.614881, "EURCUC": 1.086661, "EURCUP": 28.796529, "EURCVE": 109.993874, "EURCZK": 23.836969, "EURDJF": 192.974333, "EURDKK": 7.438143, "EURDOP": 61.457512, "EURDZD": 147.513214, "EUREGP": 32.509323, "EURERN": 16.299922, "EURETB": 58.149865, "EURFJD": 2.341968, "EURFKP": 0.881965, "EURGBP": 0.883195, "EURGEL": 2.874213, "EURGGP": 0.881965, "EURGHS": 13.441568, "EURGIP": 0.881965, "EURGMD": 67.101732, "EURGNF": 9335.973459, "EURGTQ": 8.509425, "EURGYD": 228.726208, "EURHKD": 8.511488, "EURHNL": 26.742083, "EURHRK": 7.652485, "EURHTG": 161.518841, "EURHUF": 389.308414, "EURIDR": 16274.765736, "EURILS": 3.654839, "EURIMP": 0.881965, "EURINR": 88.698197, "EURIQD": 1582.090269, "EURIRR": 45829.946758, "EURISK": 157.109864, "EURJEP": 0.881965, "EURJMD": 167.115074, "EURJOD": 0.77164, "EURJPY": 141.237762, "EURKES": 135.125883, "EURKGS": 93.506918, "EURKHR": 4460.68685, "EURKMF": 492.094353, "EURKPW": 977.933276, "EURKRW": 1343.591539, "EURKWD": 0.331812, "EURKYD": 0.903274, "EURKZT": 500.436463, "EURLAK": 18253.406759, "EURLBP": 1639.259352, "EURLKR": 394.575302, "EURLRD": 170.059898, "EURLSL": 18.712043, "EURLTL": 3.208629, "EURLVL": 0.65731, "EURLYD": 5.157687, "EURMAD": 10.996894, "EURMDL": 20.460467, "EURMGA": 4626.097027, "EURMKD": 61.616784, "EURMMK": 2276.396059, "EURMNT": 3757.868638, "EURMOP": 8.740854, "EURMRO": 387.937955, "EURMUR": 48.389358, "EURMVR": 16.702271, "EURMWK": 1112.653395, "EURMXN": 20.439276, "EURMYR": 4.63081, "EURMZN": 69.361875, "EURNAD": 18.711894, "EURNGN": 499.657723, "EURNIO": 39.610093, "EURNOK": 10.754857, "EURNPR": 141.630891, "EURNZD": 1.678957, "EUROMR": 0.417821, "EURPAB": 1.083928, "EURPEN": 4.200147, "EURPGK": 3.819898, "EURPHP": 59.298015, "EURPKR": 250.945539, "EURPLN": 4.714605, "EURPYG": 8062.227231, "EURQAR": 3.956501, "EURRON": 4.902257, "EURRSD": 117.337849, "EURRUB": 75.104635, "EURRWF": 1168.050845, "EURSAR": 4.079591, "EURSBD": 8.962499, "EURSCR": 14.562277, "EURSDG": 626.457393, "EURSEK": 11.130543, "EURSGD": 1.430485, "EURSHP": 1.496764, "EURSLE": 21.025893, "EURSLL": 20863.89981, "EURSOS": 617.747558, "EURSRD": 35.084494, "EURSTD": 22491.698329, "EURSVC": 9.484621, "EURSYP": 2729.636293, "EURSZL": 18.719358, "EURTHB": 35.700071, "EURTJS": 11.116501, "EURTMT": 3.814182, "EURTND": 3.359948, "EURTOP": 2.513503, "EURTRY": 20.440973, "EURTTD": 7.35906, "EURTWD": 32.912587, "EURTZS": 2539.528221, "EURUAH": 40.018158, "EURUGX": 3983.680535, "EURUSD": 1.086661, "EURUYU": 42.454743, "EURUZS": 12217.395063, "EURVEF": 2292665.239083, "EURVES": 22.980643, "EURVND": 25482.211314, "EURVUV": 125.90218, "EURWST": 2.894652, "EURXAF": 654.344092, "EURXAG": 0.046237, "EURXAU": 0.000564, "EURXCD": 2.936756, "EURXDR": 0.802821, "EURXOF": 654.344092, "EURXPF": 121.803948, "EURYER": 272.07284, "EURZAR": 18.692664, "EURZMK": 9781.25847, "EURZMW": 20.34126, "EURZWL": 349.904548}}